<?xml version="1.0" encoding="UTF-8"?>
<addon id="repository.Parrot" name="[COLOR cyan]Parrot[/COLOR] [COLOR yellow]Repository[/COLOR]" provider-name="Parrot Developers" version="1.0.1">
	<extension point="xbmc.addon.repository" name="Parrot Repository" >
			<dir minversion="19.0.0">
			<info compressed="false">https://raw.githubusercontent.com/ParrotDevelopers/Repository/Matrix/addons.xml</info>
			<checksum>https://raw.githubusercontent.com/ParrotDevelopers/Repository/Matrix/addons.xml.md5</checksum>
			<datadir zip="true">https://raw.githubusercontent.com/ParrotDevelopers/Repository/Matrix/zips/</datadir>
			</dir>
			<dir maxversion="18.9.9">
			<info compressed="false">https://raw.githubusercontent.com/ParrotDevelopers/Repository/Leia/addons.xml</info>
			<checksum>https://raw.githubusercontent.com/ParrotDevelopers/Repository/Leia/addons.xml.md5</checksum>
			<datadir zip="true">https://raw.githubusercontent.com/ParrotDevelopers/Repository/Leia/zips/</datadir>
			</dir>
			<dir>
			<info compressed="false">https://raw.githubusercontent.com/ParrotDevelopers/Repository/Universal/addons.xml</info>
			<checksum>https://raw.githubusercontent.com/ParrotDevelopers/Repository/Universal/addons.xml.md5</checksum>
			<datadir zip="true">https://raw.githubusercontent.com/ParrotDevelopers/Repository/Universal/zips/</datadir>
			</dir>
	</extension>
	<extension point="xbmc.addon.metadata">
		<summary lang="en">[COLOR cyan]Parrot[/COLOR] [COLOR yellow]Repository[/COLOR]</summary>
		<description lang="en">[COLOR cyan]Parrot[/COLOR] [COLOR yellow]Repository[/COLOR]</description>
		<platform>all</platform>
		<license>MIT</license>
		<disclaimer lang="en">Kodi Addon Repository.</disclaimer>
		<assets>
			<icon>icon.jpg</icon>
			<fanart>fanart.jpg</fanart>
		</assets>
	</extension>
</addon>