<?xml version="1.0" encoding="UTF-8"?>
<addon id="plugin.parrot.tv"
version="2.0.0"
name="Parrot TV"
provider-name="Parrot Developers + HereIronman7746">
<requires>
  <import addon="xbmc.python" version="3.0.0"/>
</requires>
<extension point="xbmc.python.pluginsource" library="main.py">
  <provides>video</provides>
</extension>
<extension point="xbmc.addon.metadata">
  <summary lang="en">Free tv channels. If you want movies download addon "sosac.ph" From kodi XBMC cz</summary>
  <description lang="en_GB">Free tv channels. If you want movies download addon "sosac.ph" From kodi XBMC cz</description>
  <disclaimer lang="en_GB">All links are freely avalibe on www.</disclaimer>
  <assets>
    <icon>icon.png</icon>
    <fanart>fanart.jpg</fanart>
  </assets>
  <news>Initial version</news>
</extension>
</addon>
