<?xml version="1.0" encoding="UTF-8"?>
<addon id="plugin.video.MixDrop"
version="1.0.0"
name="MixDrop"
provider-name="Parrot Developers">
<requires>
  <import addon="xbmc.python" version="3.0.0"/>
  <import addon="script.module.requests" version="2.25.1"/>
  <import addon="script.module.js2py" version="1.0.0"/>
  <import addon="inputstream.adaptive" version="2.3.13"/>
</requires>
<extension point="xbmc.python.pluginsource" library="addon.py">
  <provides>video</provides>
</extension>
<extension point="xbmc.addon.metadata">
  <summary>MixDrop URL Resolver.</summary>
  <description>MixDrop URL Resolver.</description>
  <disclaimer>MixDrop URL Resolver.</disclaimer>
  <assets>
    <icon>icon.jpg</icon>
  </assets>
  <news>
    [1.0.0] Initial version!
    [1.0.1] Added support for bypassing VPN.
    [1.0.2] Fixed bypass.
  </news>
</extension>
</addon>