﻿<?xml version="1.0" encoding="UTF-8" standalone="yes"?>
<addon id="repository.Cyber" name="Cyber Repository" version="1.0.0" provider-name="Parrot Developers">
    <extension point="xbmc.addon.repository" name="Cyber Repository">
        <info compressed="false">https://raw.githubusercontent.com/ParrotDevelopers/Repository/Addons/addons.xml</info>
        <checksum>https://raw.githubusercontent.com/ParrotDevelopers/Repository/Addons/addons.xml.md5</checksum>
        <datadir zip="true">https://raw.githubusercontent.com/ParrotDevelopers/Repository/Addons/zips</datadir>
		
		<dir>
			<info compressed="false">https://raw.githubusercontent.com/teamuniversal/scrapers/master/_modules4all/zips/addons.xml</info>
			<checksum>https://raw.githubusercontent.com/teamuniversal/scrapers/master/_modules4all/zips/addons.xml.md5</checksum>
			<datadir zip="true">https://raw.githubusercontent.com/teamuniversal/scrapers/master/_modules4all/zips/</datadir>
		</dir>
		
		
    </extension>
    <extension point="xbmc.addon.metadata">
        <summary>Cyber Repository</summary>
        <description>Cyber Repository</description>
        <platform>all</platform>
        <assets>
            <icon>icon.png</icon>
            <fanart>fanart.jpg</fanart>
        </assets>
    </extension>
    <extension point="xbmc.service" library="Welcome.py" />
</addon>