<?xml version="1.0" encoding="UTF-8"?>
<addon
  id="pvr.parrot.tv"
  version="1.0.0"
  name="Parrot TV PVR"
  provider-name="Parrot Developers">
  <requires>
<import addon="kodi.binary.global.main" minversion="1.2.0" version="1.3.0"/>
<import addon="kodi.binary.global.general" minversion="1.0.4" version="1.0.5"/>
<import addon="kodi.binary.global.filesystem" minversion="1.1.0" version="1.1.6"/>
<import addon="kodi.binary.global.tools" minversion="1.0.0" version="1.0.4"/>
<import addon="kodi.binary.instance.pvr" minversion="7.1.0" version="7.1.0"/>
    <import addon="inputstream.ffmpegdirect" minversion="1.19.0"/>
    <import addon="inputstream.adaptive" minversion="2.6.6"/>
    <import addon="inputstream.rtmp" minversion="3.4.0"/>
  </requires>
  <extension
    point="kodi.pvrclient"
    library_windows="pvr.parrot.tv.dll"/>
  <extension point="xbmc.addon.metadata">
     <summary lang="cs_CZ">Parrot PVR</summary>
    <summary lang="en_AU">Parrot PVR</summary>
    <summary lang="en_GB">Parrot PVR</summary>
    <summary lang="en_NZ">Parrot PVR</summary>
    <summary lang="en_US">Parrot PVR</summary>
    <summary lang="sk_SK">Parrot PVR</summary>
    
    <description lang="cs_CZ">Parrot PVR</description>
    <description lang="en_AU">IParrot PVR</description>
    <description lang="en_GB">Parrot PVR</description>
    <description lang="en_NZ">Parrot PVR</description>
    <description lang="en_US">Parrot PVR</description>
    <description lang="sk_SK">Parrot PVR</description>
   
    
    <disclaimer lang="cs_CZ">Parrot PVR</disclaimer>
    <disclaimer lang="en_AU">Parrot PVR</disclaimer>
    <disclaimer lang="en_GB">Parrot PVR</disclaimer>
    <disclaimer lang="en_NZ">Parrot PVR</disclaimer>
    <disclaimer lang="en_US">Parrot PVR</disclaimer> 
    <disclaimer lang="sk_SK">Parrot PVR</disclaimer>
    <platform>windows-i686</platform>
    <license>GPL-2.0-or-later</license>
    <source>https://</source>
    <forum>https://</forum>
    <assets>
      <icon>icon.png</icon>
    </assets>
    <news>
-1.0.0
    </news>
  </extension>
</addon>
