<?xml version="1.0" encoding="UTF-8"?>
<addon id="plugin.video.serialy"
version="1.0.0"
name="Seriály"
provider-name="Parrot Developers">
<requires>
  <import addon="xbmc.python" version="3.0.0"/>
  <import addon="script.module.requests" version="2.25.1"/>
</requires>
<extension point="xbmc.python.pluginsource" library="addon.py">
  <provides>video</provides>
</extension>
<extension point="xbmc.addon.metadata">
  <summary>Czech TV Shows at one place.</summary>
  <description >Czech TV Shows for free.</description>
  <disclaimer>I do not host any of these links.</disclaimer>
  <assets>
    <icon>resources/IMG/icon.png</icon>
    <fanart>resources/IMG/fanart.jpg</fanart> 
  </assets>
  <news>[1.0.0] Initial version!</news>
</extension>
</addon>