<?xml version="1.0" encoding="UTF-8"?>
<addon id="plugin.video.vidembed"
version="1.0.1"
name="Vidembed.io"
provider-name="Parrot Developers">
<requires>
  <import addon="xbmc.python" version="3.0.0"/>
  <import addon="script.module.requests" version="2.25.1"/>
  <import addon="script.module.beautifulsoup4" version="2.9.9"/>
  <import addon="script.module.resolveurl" version="5.1.00"/>
</requires>
<extension point="xbmc.python.pluginsource" library="addon.py">
  <provides>video</provides>
</extension>
<extension point="xbmc.addon.metadata">
  <summary>Watch movies and series from vidembed.io</summary>
  <description>Watch movies and series from vidembed.io</description>
  <disclaimer>I'm not affiliated with vidembed.io.</disclaimer>
  <assets>
    <icon>icon.jpg</icon>
    <fanart>fanart.jpg</fanart> 
  </assets>
  <news>
    [1.0.0] Initial version!
    [1.0.1] TV shows now work!
  </news>
</extension>
</addon>